Month,total_leads,good_rate,bad_rate,closed_rate
2009-04,518,0.1525096525096525,0.11003861003861004,0.10810810810810811
2009-05,580,0.10172413793103448,0.09827586206896552,0.06379310344827586
2009-06,609,0.1412151067323481,0.2315270935960591,0.10344827586206896
2009-07,532,0.09210526315789473,0.20676691729323307,0.06203007518796992
2009-08,438,0.1415525114155251,0.15296803652968036,0.09360730593607305
2009-09,344,0.1686046511627907,0.16279069767441862,0.0436046511627907
